{"elements":[{"from":[7.428571,5.55102,7.0204086],"to":[9.306123,7.102041,8.89796],"rotation":{"angle":0.0,"axis":"y","origin":[8.653061,4.653061,7.0204086]},"faces":{"south":{"uv":[10.125,1.125,10.625,1.5],"rotation":0,"texture":"#0","tintindex":0},"north":{"uv":[10.0,9.125,10.5,9.5],"rotation":0,"texture":"#0","tintindex":0},"down":{"uv":[2.125,9.625,1.625,10.125],"rotation":0,"texture":"#0","tintindex":0},"east":{"uv":[10.125,0.625,10.625,1.0],"rotation":0,"texture":"#0","tintindex":0},"west":{"uv":[2.625,10.125,3.125,10.5],"rotation":0,"texture":"#0","tintindex":0},"up":{"uv":[10.125,0.5,9.625,0.0],"rotation":0,"texture":"#0","tintindex":0}}},{"from":[7.2653065,3.7551017,6.857143],"to":[9.469388,5.55102,9.061225],"rotation":{"angle":0.0,"axis":"y","origin":[8.489796,4.0,7.183674]},"faces":{"south":{"uv":[10.625,3.375,11.25,3.625],"rotation":0,"texture":"#0","tintindex":0},"north":{"uv":[10.625,1.625,11.25,1.875],"rotation":0,"texture":"#0","tintindex":0},"down":{"uv":[8.5,4.625,7.875,5.25],"rotation":0,"texture":"#0","tintindex":0},"east":{"uv":[10.625,2.0,11.25,2.25],"rotation":0,"texture":"#0","tintindex":0},"west":{"uv":[10.625,3.75,11.25,4.0],"rotation":0,"texture":"#0","tintindex":0},"up":{"uv":[8.5,4.5,7.875,3.875],"rotation":0,"texture":"#0","tintindex":0}}},{"from":[7.428571,2.204081,7.0204086],"to":[9.306123,4.0816326,8.89796],"rotation":{"angle":0.0,"axis":"y","origin":[8.653061,2.4489794,7.0204086]},"faces":{"south":{"uv":[9.375,9.125,9.875,9.625],"rotation":0,"texture":"#0","tintindex":0},"north":{"uv":[9.375,7.875,9.875,8.375],"rotation":0,"texture":"#0","tintindex":0},"down":{"uv":[9.0,9.5,8.5,10.0],"rotation":0,"texture":"#0","tintindex":0},"east":{"uv":[9.375,8.5,9.875,9.0],"rotation":0,"texture":"#0","tintindex":0},"west":{"uv":[2.625,9.5,3.125,10.0],"rotation":0,"texture":"#0","tintindex":0},"up":{"uv":[10.0,3.5,9.5,3.0],"rotation":0,"texture":"#0","tintindex":0}}},{"from":[7.428571,7.102041,6.7755103],"to":[9.632653,9.306123,9.306123],"rotation":{"angle":0.0,"axis":"y","origin":[8.653061,6.530612,6.7755103]},"faces":{"south":{"uv":[7.875,6.125,8.5,6.75],"rotation":0,"texture":"#0","tintindex":0},"north":{"uv":[7.875,5.375,8.5,6.0],"rotation":0,"texture":"#0","tintindex":0},"down":{"uv":[8.125,0.0,7.5,0.75],"rotation":0,"texture":"#0","tintindex":0},"east":{"uv":[3.375,7.25,4.125,7.875],"rotation":0,"texture":"#0","tintindex":0},"west":{"uv":[4.25,7.25,5.0,7.875],"rotation":0,"texture":"#0","tintindex":0},"up":{"uv":[8.0,3.75,7.375,3.0],"rotation":0,"texture":"#0","tintindex":0}}}],"textures":{"0":"modelengine:entity/dwarf_2"},"display":{"head":{"translation":[0.0,-6.4,0.0],"scale":[4.0,4.0,4.0]}}}