{
  "model": {
    "type": "minecraft:range_dispatch",
    "entries": [
      {
        "model": {
          "type": "minecraft:model",
          "model": "reallyworld:item/shard/h_bunny_shard"
        },
        "threshold": 5101
      },
      {
        "model": {
          "type": "minecraft:model",
          "model": "reallyworld:item/shard/h_cobra_shard"
        },
        "threshold": 5102
      },
      {
        "model": {
          "type": "minecraft:model",
          "model": "reallyworld:item/shard/h_helper_shard"
        },
        "threshold": 5103
      },
      {
        "model": {
          "type": "minecraft:model",
          "model": "reallyworld:item/shard/h_hydra_shard"
        },
        "threshold": 5104
      },
      {
        "model": {
          "type": "minecraft:model",
          "model": "reallyworld:item/shard/h_luci_shard"
        },
        "threshold": 5105
      },
      {
        "model": {
          "type": "minecraft:model",
          "model": "reallyworld:item/shard/h_pasha_shard"
        },
        "threshold": 5106
      },
      {
        "model": {
          "type": "minecraft:model",
          "model": "reallyworld:item/shard/h_tiger_shard"
        },
        "threshold": 5107
      },
      {
        "model": {
          "type": "minecraft:model",
          "model": "reallyworld:item/shard/h_solar_shard"
        },
        "threshold": 5108
      },
      {
        "model": {
          "type": "minecraft:model",
          "model": "reallyworld:item/shard/h_legendary_shard"
        },
        "threshold": 5109
      },
      {
        "model": {
          "type": "minecraft:model",
          "model": "reallyworld:item/shard/h_lime_shard"
        },
        "threshold": 5110
      },
      {
        "model": {
          "type": "minecraft:model",
          "model": "reallyworld:item/shard/h_rain_shard"
        },
        "threshold": 5111
      },
      {
        "model": {
          "type": "minecraft:model",
          "model": "reallyworld:item/shard/h_sakura_shard"
        },
        "threshold": 5112
      },
      {
        "model": {
          "type": "minecraft:model",
          "model": "reallyworld:item/shard/h_god_shard"
        },
        "threshold": 5113
      },
      {
        "model": {
          "type": "minecraft:model",
          "model": "reallyworld:item/shard/s_wind_shard"
        },
        "threshold": 5001
      },
      {
        "model": {
          "type": "minecraft:model",
          "model": "reallyworld:item/shard/s_terra_shard"
        },
        "threshold": 5002
      },
      {
        "model": {
          "type": "minecraft:model",
          "model": "reallyworld:item/shard/s_fire_shard"
        },
        "threshold": 5003
      },
      {
        "model": {
          "type": "minecraft:model",
          "model": "reallyworld:item/shard/s_light_shard"
        },
        "threshold": 5004
      },
      {
        "model": {
          "type": "minecraft:model",
          "model": "reallyworld:item/shard/s_water_shard"
        },
        "threshold": 5005
      },
      {
        "model": {
          "type": "minecraft:model",
          "model": "reallyworld:item/shard/s_order_shard"
        },
        "threshold": 5006
      },
      {
        "model": {
          "type": "minecraft:model",
          "model": "reallyworld:item/shard/s_chaos_shard"
        },
        "threshold": 5007
      }
    ],
    "fallback": {
      "type": "minecraft:model",
      "model": "minecraft:item/ghast_tear"
    },
    "property": "minecraft:custom_model_data"
  }
}
