{"elements":[{"from":[6.3020325,6.9551024,7.7551017],"to":[9.975502,9.061216,8.081633],"rotation":{"angle":0.0,"axis":"y","origin":[8.0,8.0,8.0]},"faces":{"south":{"uv":[5.0,8.25,5.75,8.75],"rotation":0,"texture":"#0","tintindex":0},"north":{"uv":[5.0,8.25,5.75,8.75],"rotation":0,"texture":"#0","tintindex":0},"down":{"uv":[11.75,4.875,11.0,5.0],"rotation":0,"texture":"#0","tintindex":0},"east":{"uv":[11.75,1.125,11.875,1.625],"rotation":0,"texture":"#0","tintindex":0},"west":{"uv":[11.75,4.0,11.875,4.5],"rotation":0,"texture":"#0","tintindex":0},"up":{"uv":[11.625,5.875,10.875,5.75],"rotation":0,"texture":"#0","tintindex":0}}}],"textures":{"0":"modelengine:entity/dwarf_2"},"display":{"head":{"translation":[0.0,-6.4,0.0],"scale":[4.0,4.0,4.0]}}}